year,age,sex,people
1,0,1,13917.99
2,0,1,113872.55
3,0,1,13828.53693
4,0,1,13784.38097
5,0,1,13740.07662
6,0,1,13695.62337
7,0,1,13651.02072
8,0,1,13606.26817
9,0,1,13561.3652
10,0,1,13516.3113
11,0,1,13471.10598
12,0,1,13425.7487
13,0,1,13380.23897